Organization,Role,Date,User
Community Development Volunteer,CS Camp,Aug 2019 - Nov 2020 · 1 yr 4 mos,%D9%90%D9%90amiraelmergawy
Volunteer translator,Translators without Borders,May 2020 - Present · 3 yrs,1212mohamedtaha
Content creator at AAPG Suez blog,AAPG SU SC,Sep 2018 - Dec 2018 · 4 mos,1212mohamedtaha
Android Developer,AAPG SU SC,Aug 2017 - Apr 2019 · 1 yr 9 mos,1212mohamedtaha
Public Relations Specialist,Az-SENCS | معرض هندسة النظم والحاسبات,Dec 2015 - May 2018 · 2 yrs 6 mos,3omarbadr
Public Relations Specialist,IEEE Al-Azhar,Apr 2017 - Mar 2018 · 1 yr,3omarbadr
Public Relations Member,TEDxAzharUniversity,Jan 2017 - Jan 2018 · 1 yr,3omarbadr
Volunteer,Resala Charity Organization | جمعية رسالة للأعمال الخيرية,Jul 2012 - Aug 2015 · 3 yrs 2 mos,a-mohsen
Public Relations Specialist,IEEE Women in Engineering - CUSB,Jul 2018 - Aug 2019 · 1 yr 2 mos,a-saeed-h
Volenteer,Resala,Children,aabdelsattaar
IT Engineer,IEEE Modern Academy Student Branch,Sep 2014 - Feb 2015 · 6 mos,aazmy
Public Speaker,Club Mezan,Sep 2014 - Jun 2015 · 10 mos,abdelhameed-hassan
Graphic Designer,Enactus,Sep 2016 - Dec 2018 · 2 yrs 4 mos,abdelmoez-elsaadany
Conservation Intern,ICCROM,Jul 2011 - Sep 2011 · 3 mos,abdelmotey
Head of Social research committee at ENSAN project team.,Life Makers Foundation,Jan 2019 - Present · 4 yrs 4 mos,abdelrahman-akl
Member in Organizing and Project management committee [OPM],Microsoft Student Partners | CEE,Apr 2019 - Apr 2020 · 1 yr 1 mo,abdelrahman-akl
Member in Mersal El kheir.,Mersal El Kheir at AIET,Apr 2019 - Aug 2020 · 1 yr 5 mos,abdelrahman-akl
Volunteer,Baheya Foundation,Mar 2020 - Mar 2022 · 2 yrs 1 mo,abdelrahman-ellethy-b840b3153
Volunteer,Resala Charity Organization | جمعية رسالة للأعمال الخيرية,Jul 2019 - Nov 2019 · 5 mos,abdelrahman-mamdouh-60b318157
FCAI CU Students Union,Faculty of Computers and Information - Cairo University,Sep 2017 - Aug 2021 · 4 yrs,abdelrahman-mohamedd
Recycling Coordinator,Resala Charity Organization | جمعية رسالة للأعمال الخيرية,Feb 2013 - Present · 10 yrs 3 mos,abdelrahman-mohamedd
Publications Editor,Eng Break,Aug 2018 - May 2019 · 10 mos,abdelrahman-mohamedd
fundraising volunteer,IEEE,Jan 2015 - Jan 2016 · 1 yr,abdelrhman-basyoni
Head Of Project Management,Enactus,Jan 2015 - Jan 2016 · 1 yr,abdelrhman-basyoni
Head Of Marketing,Enactus,Jan 2016 - Jan 2017 · 1 yr,abdelrhman-basyoni
Cofounder,Re;Source,Nov 2014 - Present · 8 yrs 6 mos,abdofawzi5
Technical Team CEO and Community Vice,Challenge,Jul 2011 - Feb 2014 · 2 yrs 8 mos,abdofawzi5
Technical Team Member,Robotics Student Organization,Jun 2018 - Feb 2020 · 1 yr 9 mos,abdullah-hanfy
Class Representative,Faculty of Engineering Cairo University,Sep 2019 - Aug 2021 · 2 yrs,abdullahadel41
Head of Web Development Committee,Energia Powered,Sep 2021 - Aug 2022 · 1 yr,abdullahadel41
Web Development Team Lead,Energia Powered,Aug 2020 - Jun 2021 · 11 mos,abdullahadel41
Public Relations Volunteer,Google Student Club -ASU,Education,adel-m-aek
Human Resources volunteer,MECA (students club),Education,adel-m-aek
power train team,ASU Racing Team,Education,adel-m-aek
R&amp;D committee Co-Head,Resala Charity Organization | جمعية رسالة للأعمال الخيرية,Aug 2019 - Present · 3 yrs 9 mos,adham-mamdouh-1941b518b
Mobile Application Instructor,Microsoft Student Partners Cairo University,Aug 2018 - Dec 2018 · 5 mos,adham-mamdouh-1941b518b
Team Member,Resala Charity Organization | جمعية رسالة للأعمال الخيرية,Feb 2019 - May 2022 · 3 yrs 4 mos,adham-mamdouh-1941b518b
Researcher,Lebaladna Charity and Development Foundation,Aug 2019 - Jan 2022 · 2 yrs 6 mos,ahmaddosama
Embedded Systems Engineer,Aquaphoton Academy,Sep 2018 - Present · 4 yrs 8 mos,ahmadhindawy
Logistics and organization committee volunteer,ACM Student Chapter - Alexandria University,Sep 2017 - Aug 2018 · 1 yr,ahmadhindawy
volunteer,arab medical union (Emergency and relief agency),Nov 2014 - Present · 8 yrs 6 mos,ahmed-abdelmalek
PR,Fun Science Organization,Sep 2013 - Oct 2016 · 3 yrs 2 mos,ahmed-abdelmalek
volunteer,Masr El Mahrousa,Jan 2012 - Present · 11 yrs 4 mos,ahmed-abdelmalek
Vice President,SIFE,Jul 2007 - Aug 2008 · 1 yr 2 mos,ahmed-eldakhakhny
Organiser on Stage and Experience design,TEDxTUM,Mar 2016 - Mar 2017 · 1 yr 1 mo,ahmed-elgarem-b996b065
Volunteer,Ibrahim Badran Foundation,May 2016 - Present · 7 yrs,ahmed-elgarem-b996b065
Operations Team Member,TEDxTUM,Jan 2019 - Jan 2020 · 1 yr 1 mo,ahmed-elgarem-b996b065
Writer/Editor/Translator,I Believe in Science,Jan 2016 - Feb 2017 · 1 yr 2 mos,ahmed-hani-ibrahim-07270960
Mentoring,acmASCIS Student Chapter,Oct 2012 - Aug 2017 · 4 yrs 11 mos,ahmed-hani-ibrahim-07270960
Head of Data Science,IEEE Cairo University Student Branch,May 2015 - May 2018 · 3 yrs 1 mo,ahmed-khaled-b907b4144
Head of Information Technology Department,Higher Technological Institute,May 2014 - May 2019 · 5 yrs 1 mo,ahmed-khaled-b907b4144
vlounteer,Resala,Social Services,ahmed-samir-58250284
IT Member &amp; Speaker,TROSC تروس,Feb 2019 - Mar 2021 · 2 yrs 2 mos,ahmed-samir-b0206b1b8
3 years as a volunteer,Resala Charity Organization | جمعية رسالة للأعمال الخيرية,Mar 2013 - Present · 10 yrs 2 mos,ahmed-wael-3b61a0111
Electrical Team Leader,Mechanical Engineering Club,Jan 2019 - Jun 2021 · 2 yrs 6 mos,ahmed-wasfey-sleem
Volunteer,Ebtsama,Jun 2017 - May 2019 · 2 yrs,ahmed-wasfey-sleem
Programming Instructor,Google Developers Group,Apr 2022 · 1 mo,ahmed-wasfey-sleem
Team Leader,AIESEC,May 2019 - Dec 2019 · 8 mos,ahmed-zakaria-20184a146
Graphic Designer,Enactus,Jan 2018 - May 2018 · 5 mos,ahmed-zakaria-20184a146
Instructor(Kubernetes),Information Technology Institute (ITI),Dec 2021 - Jan 2022 · 2 mos,ahmed-zakaria-20184a146
PR Volunteer,IEEE Egypt Section,Sep 2016 - Jun 2017 · 10 mos,ahmedabdallahnasr
Organizer,Cairo International Book Fair,Jan 2017 - Feb 2017 · 2 mos,ahmedabdallahnasr
Student Volunteer,Intel International Science and Engineering Fair,Jan 2016 - Jan 2019 · 3 yrs,ahmedabuamra
DSC Lead,Google Developers,Nov 2019 - Feb 2020 · 4 mos,ahmedabuamra
Mentor,CAT Reloaded,Sep 2020 - Sep 2021 · 1 yr 1 mo,ahmedeltaweel
Mentor,LintSchool,Jan 2020 - Mar 2020 · 3 mos,ahmedeltaweel
Instructor,TeamYea Coworking Space,Aug 2019 - Present · 3 yrs 9 mos,ahmedeltaweel
Team lead Usher,Misr International University,Jul 2014 - Dec 2018 · 4 yrs 6 mos,ahmedessam-12
Executive Member,مشروع السعادة - Mashrou ElSaada,May 2018 - Apr 2019 · 1 yr,ahmedessam-12
Founding Member,كالبنيان المرصوص,Jul 2021 - Present · 1 yr 10 mos,ahmedfathykhalid
Instructor,Cairo University,Jun 2007 - Jun 2010 · 3 yrs 1 mo,ahmedfathykhalid
Member,CAT Reloaded,Jan 2016 - Jun 2019 · 3 yrs 6 mos,ahmedkhames
Head of Public Relations,ACM Student Chapter - Alexandria University,Aug 2017 - Oct 2018 · 1 yr 3 mos,ahmednasser23
Operations Team Member,MSP Tech Club - Alexandria University,Jul 2016 - Jun 2017 · 1 yr,ahmednasser23
General Rapporteur - Volunteer,Bader Initiative - Youth Association for Population and Development (YAPD),Jan 2005 - Jan 2006 · 1 yr,ahmednmahran
Robotics Team Lead &amp; Electrical Technical Director,Cairo Uni Racing Team - Formula Student,Sep 2019 - Aug 2020 · 1 yr,ahmedosama9777
Embedded Systems Team Lead,Cairo Uni Racing Team - Formula Student,Aug 2018 - Aug 2019 · 1 yr 1 mo,ahmedosama9777
Instructor at Cairo University - Faculty of Engineering ACM-ICPC Chapter,ICPC - International Collegiate Programming Contest,Sep 2017 - Jun 2020 · 2 yrs 10 mos,ahmibr68
Graphic Designer,Life Makers Foundation,Jan 2014 · 1 mo,aielawady
Technical Vice Manager,IEEE Cairo University Student Branch,Aug 2019 - Jul 2020 · 1 yr,akabdelrahman
Technical Director,BEAT,Sep 2018 - May 2019 · 9 mos,akabdelrahman
Python Instructor,Embedded Systems Laboratory | ESL,Sep 2018 - Feb 2019 · 6 mos,akabdelrahman
Reading Tutor,African Hope Learning Center,Aug 2021 - Jan 2022 · 6 mos,alaa-mady-7a8aa51a8
متابعة,Life Makers Foundation,Mar 2018 - Present · 5 yrs 2 mos,alaa-moustapha
Volunteer,Resala Charity Organization | جمعية رسالة للأعمال الخيرية,Sep 2015 - Present · 7 yrs 8 mos,alaagamaall
Technical Support Staff,IEEE,Jan 2018 - Jun 2019 · 1 yr 6 mos,ali-harby-4103b7169
IT Manager,Life Makers Foundation,Jan 2018 - Jun 2020 · 2 yrs 6 mos,ali-harby-4103b7169
Instructor,Pixels Helwan university,Nov 2014 - Present · 8 yrs 6 mos,aliabdelaal
Academic member,3C,Education,aliabdelaal
Instructor,Be Positive,Education,aliabdelaal
Software Programming Instructor,IEEE,Dec 2016 - May 2017 · 6 mos,alielsherbiny
Shell scripting instructor,Embedded Systems Laboratory | ESL,Dec 2017 - Apr 2018 · 5 mos,alielsherbiny
Co-Chairman,TEDxYouth@SIS,Aug 2017 - Nov 2019 · 2 yrs 4 mos,alimagedayad
President,TKH Robotics,Oct 2020 - Present · 2 yrs 7 mos,alimagedayad
Art Teacher,SOS,Jan 2010 - Present · 13 yrs 4 mos,alyeldegwy
Jonior Hardware Engineer,IEEE,Nov 2018 - May 2019 · 7 mos,aman-allah-rafat
Teacher,Alashanek Ya Balady Association for Sustainable Development,Nov 2018 - May 2019 · 7 mos,aman-allah-rafat
Human Resources Team Member,Fekra,Oct 2014 - Sep 2015 · 1 yr,amina-gaber-088026a5
Head Of Human Resources,Fekra,Oct 2015 - Sep 2016 · 1 yr,amina-gaber-088026a5
IT Member,Draw Your Future,Jan 2016 - Present · 7 yrs 4 mos,amira-ashmawy-247252a1
Human Resources Member,Fekra,Jan 2014 - Jan 2015 · 1 yr,amira-ashmawy-247252a1
Head IT,IEEE Computer Society,Jun 2016 - Jul 2017 · 1 yr 2 mos,amira-atef-7a90a5156
Head Of Human Resources,TNT-Suez Canal University,Jan 2016 - Jan 2019 · 3 yrs,amiramohkamal
Team member in Orphans and the elderly committee,Resala Charity Organization | جمعية رسالة للأعمال الخيرية,Jan 2012 - Jan 2015 · 3 yrs,amiramohkamal
volunteer for blood donation awareness.,Takatof Charity Organization,Jan 2017 - Jan 2020 · 3 yrs,amiramohkamal
Instructor,Viva el Español,Feb 2017 - Jan 2020 · 3 yrs,ammar21
Founder &amp; Lead,DSC Cairo University - Faculty of Engineering,Jul 2020 - Jul 2021 · 1 yr 1 mo,ammar21
Mentor,"ACM, Association for Computing Machinery",Education,amoharib
Electrical Team Lead,Aquaphoton Academy,Sep 2019 - Sep 2020 · 1 yr 1 mo,amrmustafa97
Embedded Software Engineer,Aquaphoton Academy,Sep 2018 - Apr 2019 · 8 mos,amrmustafa97
Academic Committee Member,SSP Society,Apr 2017 - Jan 2018 · 10 mos,amrmustafa97
Public Relations member,Fekra,Jan 2015 - Jan 2016 · 1 yr,amrtarekmo
High School Teacher,AIESEC,Jul 2014 - Sep 2014 · 3 mos,antoun-wagdy-025443b6
Project Manager,Aviation CLUB EG,Sep 2016 - Apr 2017 · 8 mos,asmaa-salem-a11741124
Moderator,Aviation CLUB EG,Jan 2016 - Aug 2016 · 8 mos,asmaa-salem-a11741124
Greek Building Workshops Leader,Egypt Career Summit,Mar 2020 · 1 mo,aya-el-ashry
Participant in MECA academy,MECA EGYPT,Feb 2020 - Apr 2020 · 3 mos,aya-el-ashry
Stage Organizer,Egypt Career Summit,Mar 2019 · 1 mo,aya-el-ashry
Former Media &amp; marketing member,EED Society,Mar 2017 - Oct 2017 · 8 mos,aya-hussein-19a359134
Former Vice Chairman,EED Society,Aug 2016 - Mar 2017 · 8 mos,aya-hussein-19a359134
Former OC member,EED Society,Aug 2015 - Aug 2016 · 1 yr 1 mo,aya-hussein-19a359134
قوافل داخلية,Resala Charity Organization | جمعية رسالة للأعمال الخيرية,,ayaelsayed
Organization team,CECE (Communication and Electronics club for engineers),Jan 2011 - Jan 2013 · 2 yrs,ayaelsayed
HR Member,Utopia,Jan 2012 - Jan 2013 · 1 yr,ayaelsayed
Volunteer,INJAZ Egypt,Mar 2013 - May 2013 · 3 mos,ayah-elmaghraby
Blood Donation Campaign Volunteer,Mentor Graphics,Oct 2012 - Present · 10 yrs 7 mos,ayah-elmaghraby
Mentor,Global Mentorship Initiative,Oct 2022 - Present · 7 mos,ayatoullah-ramzy
Student Volunteer,IEEE,Jan 2013 - Jan 2015 · 2 yrs,ayman-aladdin-1012
web design member,KVector,Jun 2018 - Present · 4 yrs 11 mos,bahaa-el-deen-b71902156
Social Media,IEEE Helwan SB,Jan 2017 - Jan 2018 · 1 yr,bassant-sayed-714801187
Software Developement Volunteer,IEEE AlexSB,Sep 2016 - Jan 2017 · 5 mos,bassent-abuzeid-28178b128
Membership Development Volunteer,IEEE AlexSB,Oct 2016 - Present · 6 yrs 7 mos,bassent-abuzeid-28178b128
Human Resource Volunteer,IEEE AlexSB,Oct 2017 - Present · 5 yrs 7 mos,bassent-abuzeid-28178b128
Vice Chairman,IEEE Fayoum Student Branch,Sep 2019 - Present · 3 yrs 8 mos,belal-abdelnasser-04
Vice-Head Project management committee,IEEE Fayoum Student Branch,Apr 2019 - Aug 2019 · 5 mos,belal-abdelnasser-04
Project Manager,IEEE Fayoum Student Branch,Aug 2018 - Mar 2019 · 8 mos,belal-abdelnasser-04
Server,صناع الحياه,Jul 2017 - Oct 2017 · 4 mos,belal-elgendy-328688113
Social Media Manager,Flickers,Dec 2015 - Dec 2016 · 1 yr 1 mo,beshoy-samy-227855110
Web Development Team Lead,CAT Reloaded,Nov 2017 - Jun 2018 · 8 mos,bishoyatif
AC volunteer,Feكra,Jan 2014 - Present · 9 yrs 4 mos,dalia-mooh
Member of Project Management Team,Enactus,Feb 2020 - May 2021 · 1 yr 4 mos,derbalajr
Vice Head of Project Management Team,Enactus,Sep 2021 - Apr 2022 · 8 mos,derbalajr
Media Specialist,Fantastic Engineers,Oct 2017 - Jun 2020 · 2 yrs 9 mos,devibrahimhamed
Ambassador,Osboha 180,Oct 2017 - Jul 2018 · 10 mos,devibrahimhamed
PR,IEEE,Education,dibo
OC,"MOIC ""​ Model Organization Of Islamic Co-operation""​ Egypt",,dibo
Founder,Digital community,Science and Technology,dibo
Project Manager,Cogito NTNU,Sep 2018 - Jan 2020 · 1 yr 5 mos,dilawar
Project Member,Hackerspace NTNU,Sep 2018 - Jun 2019 · 10 mos,dilawar
Local Volunteer,AIESEC,Jul 2017 - Sep 2017 · 3 mos,dina-adel-shalabi-39a926135
Volunteer,Resala Charity Organization | جمعية رسالة للأعمال الخيرية,Social Services,dina-alaa-20a5091a7
Member of the Engineering Committee,IEEE Zewail City,Oct 2017 - Jun 2018 · 9 mos,dina-elkholy14
Member of the Corporate Relations Committee,Enactus,Oct 2016 - Oct 2017 · 1 yr 1 mo,dina-elkholy14
Member of the Tour Guiding Committee,Zewail City Science Festival,Sep 2017 - Oct 2017 · 2 mos,dina-elkholy14
Translator,TEDx,Aug 2018 - Nov 2018 · 4 mos,doaa-hindawii-b542a71b4
Translator,Amara Subtitling,Aug 2018 - Jun 2019 · 11 mos,doaa-hindawii-b542a71b4
Translator,Subscen.com,Jul 2018 - Nov 2018 · 5 mos,doaa-hindawii-b542a71b4
Vice President (Aast Alex),Enactus,Sep 2016 - Jun 2020 · 3 yrs 10 mos,duha-emad
Software Developer,IEEE AlexSB,Oct 2018 - Dec 2018 · 3 mos,elborolosymeeral
Programming Instructor,IEEE AlexSB,Oct 2018 - Mar 2019 · 6 mos,elborolosymeeral
"Information Management, Research and Development",TEDxYouth@Alexandria,Jul 2015 - Nov 2015 · 5 mos,elborolosymeeral
Volunteer,CEDO Egypt,Jan 2012 - Jan 2013 · 1 yr,eman-abdel-ghaffar-75587070
Sub-team leader,Ahla Shabab,Jan 2014 - Jan 2018 · 4 yrs,eman-othman-26634914a
Event Planning &amp; Script Writing commitee member,CSED Golden Jubilee,Jun 2019 - Aug 2019 · 3 mos,eman-rafik-00973416b
Delegate,Alexandria Model European Union,Aug 2017 - Oct 2017 · 3 mos,eman-rafik-00973416b
Publications committee member,STP (Steps Towards Progress),Aug 2015 - Apr 2016 · 9 mos,engyelshorbagy01
Linux System Admin,Free lance,,eslam-adel-163694b2
Member,Resala Charity Organization | جمعية رسالة للأعمال الخيرية,,eslam-alaa96
Member at Enter team,Mansoura University,Dec 2014 - Jul 2016 · 1 yr 8 mos,eslam-elgedawy
Public Relations,ENTER team,Jul 2016 - Mar 2017 · 9 mos,eslam-elgedawy
Head Of Public Relations,ENTER team,Apr 2017 - Jul 2018 · 1 yr 4 mos,eslam-elgedawy
Head Of Public Relations,IEEE Cairo University Student Branch,Aug 2019 - Jul 2020 · 1 yr,eslam-khaled-ek
Public Relations member,IEEE Cairo University Student Branch,Aug 2018 - Jul 2019 · 1 yr,eslam-khaled-ek
Public Relations Coordinator,AIChE - American Institute of Chemical Engineers,Jan 2014 - Jan 2015 · 1 yr,eslam-khodair
computer committee vice head,IEEE Cairo University Student Branch,Jan 2017 - Jan 2018 · 1 yr,eslam-mamdouh-63655016a
Frontend Web Development instructor,IEEE Cairo University Student Branch,Jan 2017 - Jan 2018 · 1 yr,eslam-mamdouh-63655016a
External and internal telations (PR and FR) member,Embedded Systems Laboratory | ESL,Aug 2018 - Present · 4 yrs 9 mos,eslam-mamdouh-63655016a
Event Coordinator,Cairo Comix,Nov 2019 · 1 mo,esmail-elmoussel
Vice Chairman Of The Board,ACM MU,Nov 2018 - Present · 4 yrs 6 mos,esraa-antar-b87b9517a
Team Lead,GDSC Medi-Caps,Dec 2019 - Mar 2021 · 1 yr 4 mos,esraa-antar-b87b9517a
Ambassador,TIEC,Nov 2019 - Present · 3 yrs 6 mos,esraa-antar-b87b9517a
Electrical Supervisor,Torpedo ROV,Aug 2021 - Present · 1 yr 9 mos,esraa-elbakly
Head of press and media,PMT,Nov 2018 - Jul 2020 · 1 yr 9 mos,esraa-elbakly
Member,Student Union F.O.E Alexandria University,Nov 2017 - Jun 2018 · 8 mos,esraa-elbakly
Peer assisted learning,UCSI,May 2017 - Aug 2020 · 3 yrs 4 mos,fady-khalil-5a23961b0
Web Designer,el rasala taining,Social Services,fatma-ali-773658a9
Event Organization Specialist,IEEE Zewail City,Jan 2017 - Jan 2018 · 1 yr,fatma-moanes
Event Photographer,TEDx ZewailCity UST,Apr 2019 · 1 mo,fatma-moanes
Content Creator and Actor,Zewail City Science Festival,Aug 2019 - Sep 2019 · 2 mos,fatma-moanes
Instructor,IEEE Egypt Section,Oct 2016 - Apr 2017 · 7 mos,fayrouz-yehia
Instructor,Tech planet,Jun 2018 - Aug 2018 · 3 mos,fayrouz-yehia
paticipant,IEEE Egypt Section,Feb 2017 - May 2017 · 4 mos,fayrouz-yehia
Assistant Organizer,Resala Charity Organization | جمعية رسالة للأعمال الخيرية,Oct 2014 - Present · 8 yrs 7 mos,fekri102
Volunteer at IEEE Organization,IEEE Egypt Section,Dec 2013 - Present · 9 yrs 5 mos,fekri102
Exhibition Coordinator,Resala Charity Organization | جمعية رسالة للأعمال الخيرية,Poverty Alleviation,gamal-saied-529337124
Scout Leader,St. Mark's Coptic Orthodox Cathedral Scout,Social Services,george-wageeh-047244156
Member of Engineering Committee,IEEE Zewail City,Sep 2017 - Jul 2018 · 11 mos,habiba-maziad
Member of Organization Committee,IEEE juniors Zewail City,Sep 2018 - Jul 2019 · 11 mos,habiba-maziad
Member,Rotaract,Jan 2012 - Jan 2014 · 2 yrs,halaemad
Art Teacher in Summer School,Saint Gabriel's School,Jan 2012 - Present · 11 yrs 4 mos,halaemad
Mentor,Pixels Egypt,Sep 2017 - Sep 2018 · 1 yr 1 mo,hamzafouad
Mentor,ICPC - ACM International Collegiate Programming Contest,Sep 2017 - Present · 5 yrs 8 mos,hassan-osama
Community Manager,ICPC - International Collegiate Programming Contest,Aug 2019 - Present · 3 yrs 9 mos,hassan-osama
Co-founder,A Plus team,Sep 2011 - Jan 2013 · 1 yr 5 mos,hayamsaleh
E-marketing member,Meca16,Sep 2013 - Present · 9 yrs 8 mos,hayamsaleh
OC member,Innovation14,Jan 2013 - Present · 10 yrs 4 mos,hayamsaleh
Public Relations,Feكra,Jan 2013 - Jan 2015 · 2 yrs,hazem-el-sherif-118083139
Logistics Member,IEEE,Jan 2016 - Jan 2017 · 1 yr,heba-abdelhakam
Logistics Leader,IEEE,May 2017 - Apr 2018 · 1 yr,heba-abdelhakam
IGV team member,AIESEC,Jan 2018 - Jan 2019 · 1 yr,heba-abdelhakam
Human Resources Specialist,ASU Racing Team,Dec 2018 - Sep 2019 · 10 mos,heba-abdelnasser
Human Resources Team Member,IDT-Egypt,Sep 2017 - Aug 2018 · 1 yr,heba-abdelnasser
Academic Member,Alashanek Ya Balady - Ain Shams University,Sep 2017 - Aug 2018 · 1 yr,heba-abdelnasser
Software developers Team Leader,Enactus,Sep 2018 - Feb 2019 · 6 mos,heidi-ashraf
Instructor at Cairo University - Faculty of Engineering ACM-ICPC chapter.,ICPC - International Collegiate Programming Contest,Sep 2018 - Present · 4 yrs 8 mos,hemdan99
IEEE CUSB Member,IEEE Cairo University Student Branch,Sep 2018 - May 2019 · 9 mos,hemdan99
Embedded Systems Technical Support,AZEX (Azhar Exhibition),Jan 2022 - Feb 2022 · 2 mos,hend-ibrahim
Presentation Member,Enactus Azhar Cairo,Nov 2020 - Jul 2022 · 1 yr 9 mos,hend-ibrahim
Public Relations Specialist,Developer student clubs-Alazhar University,Sep 2020 - Jan 2021 · 5 mos,hend-ibrahim
Member of the Engineering Committee,IEEE Zewail City,Nov 2018 - Mar 2019 · 5 mos,hkhairy
Section Leader,Code in Place,May 2021 - Jun 2021 · 2 mos,hossam-khir-allah
IT Member,Feكra,Dec 2016 - Oct 2017 · 11 mos,husseinraoouf
Public Relations Member,Feكra,Dec 2017 - Oct 2018 · 11 mos,husseinraoouf
"Co-Founder , President , Instructor",ICPC Assiut University Community,Oct 2015 - Present · 7 yrs 7 mos,hussienibrahiem
Marketing,Life Makers Foundation,Nov 2013 - Nov 2015 · 2 yrs 1 mo,hussienibrahiem
Vice President of Student Union,Student Union of Computer science Assiut University,Nov 2017 - Oct 2018 · 1 yr,hussienibrahiem
Computer &amp; IT Directorate Moderator,IEEE Cairo University Student Branch,Sep 2016 - Jul 2017 · 11 mos,iahmedmaher
Computer &amp; IT Directorate Head,IEEE Cairo University Student Branch,Aug 2017 - Oct 2017 · 3 mos,iahmedmaher
Computer &amp; IT Directorate Advisor,IEEE Cairo University Student Branch,Oct 2017 - May 2018 · 8 mos,iahmedmaher
Volunteer,IEEE TSB,Oct 2011 - Aug 2013 · 1 yr 11 mos,ibrahim-ahmed-1106
Volunteer,"Google Student Ambassador, Tanta University",Sep 2013 - Apr 2014 · 8 mos,ibrahim-ahmed-1106
C++ and J2M Instructor,Cairo University,Feb 1995 - Mar 1995 · 2 mos,ibrahim-sobh-phd-8681757
Writer,WE CAN DO,Oct 2013 - Oct 2015 · 2 yrs 1 mo,ibrahimelsaidsaad
Professional development committee director,Rotaract,Jun 2016 - Present · 6 yrs 11 mos,ihab-ahmed
resources track member,creative team,Jan 2009 - Present · 14 yrs 4 mos,islam-elsayed-52639a41
Article writer,keefwiki,Apr 2015 - Present · 8 yrs 1 mo,islammoneer
Graphic Designer,SahabatAml,Sep 2012 - Sep 2014 · 2 yrs 1 mo,islammoneer
Vice President,Centre culturel de la Communauté francaise,May 2017 - Aug 2017 · 4 mos,jaylan-khaled-a5a33a146
Volunteer,College Saint Marc,Sep 2014 - Dec 2019 · 5 yrs 4 mos,jaylan-khaled-a5a33a146
Volunteer,Life Makers Foundation,Oct 2012 - Jun 2017 · 4 yrs 9 mos,kamel--mohamed
Volunteer,Resala Charity Organization | جمعية رسالة للأعمال الخيرية,Sep 2016 - Jul 2018 · 1 yr 11 mos,kamel--mohamed
CEO and Founder,Life Way,Mar 2016 - Aug 2018 · 2 yrs 6 mos,kamel--mohamed
Head of business and marketing,Microsoft 365 Partner,Sep 2014 - Sep 2015 · 1 yr 1 mo,kariim8
participant,AIESEC,Feb 2015 - Jun 2016 · 1 yr 5 mos,kariim8
Head of Club Service Committee,Interact Club of Alexandria Sporting,Jan 2009 - Jan 2010 · 1 yr,karim-el-azzouni-29002385
Member at the Rotaract Club of Alexandria Sporting,Rotaract,Jan 2010 - Jan 2013 · 3 yrs,karim-el-azzouni-29002385
Volunteer,Resala Charity Organization | جمعية رسالة للأعمال الخيرية,Jun 2015 - Jan 2016 · 8 mos,karimhisham
Member,IEEE,Feb 2019 - May 2019 · 4 mos,karimmostafa0717
Technical Committee Member,IEEE AlexSB,Sep 2016 - Aug 2018 · 2 yrs,kelawaad
Software Engineer,IEEE AlexSB,Aug 2017 - Sep 2018 · 1 yr 2 mos,kelawaad
Head of IT &amp; Mentor,ACM Suez Canal University Student Chapter,Sep 2017 - Sep 2019 · 2 yrs 1 mo,kerolloz
Member Information Technology,GDG Ismailia,Jul 2019 - Present · 3 yrs 10 mos,kerolloz
Member Information Technology,TROSC تروس,Mar 2019 - Sep 2019 · 7 mos,kerolloz
IT Member,IEEE Cairo University Student Branch,Sep 2018 - Apr 2019 · 8 mos,khaled-amgad-21040a200
Design Member,K-vector Foundation,Sep 2017 - Mar 2018 · 7 mos,khaled-amgad-21040a200
Volunteer,CMP Guide,Jun 2018 - Present · 4 yrs 11 mos,khaled-nassar-2a129414b
Volunteer,Maker Faire Cairo,Mar 2018 · 1 mo,khaled-nassar-2a129414b
Volunteer,Resala Charity Organization | جمعية رسالة للأعمال الخيرية,Jun 2016 - Jul 2018 · 2 yrs 2 mos,khaled-nassar-2a129414b
Head of IT,EED Society,Oct 2014 - May 2016 · 1 yr 8 mos,khaled-sobhy-6b174b131
Web team Member,IEEE Benha University SB,Aug 2017 - Aug 2018 · 1 yr 1 mo,khaledmustafa8
Android team Member,IEEE Benha University SB,Dec 2018 - Aug 2019 · 9 mos,khaledmustafa8
Vice President,IEEE Benha University SB,Aug 2019 - Sep 2020 · 1 yr 2 mos,khaledmustafa8
Game Development Circle Leader,CAT Reloaded,Sep 2017 - May 2019 · 1 yr 9 mos,khalidhsoliman
Coordinator,Mansoura University,Jul 2016 - Jul 2017 · 1 yr 1 mo,khalidhsoliman
Facilitator,Fun Science Organization,Apr 2015 - Apr 2018 · 3 yrs 1 mo,khalidhsoliman
Volunteer,Catholic Relief Services,Jul 2011 · 1 mo,kirollos-georges-63b34b97
Reports &amp; Publications Committee Volunteer,IEEE SSCS Alex SC,Jan 2021 - Dec 2021 · 1 yr,kirollos-n
Secretary/ R&amp;P Committee Head,IEEE SSCS Alex SC,Dec 2021 - Nov 2022 · 1 yr,kirollos-n
Scout Troop Leader,St. George Scout Alexandria,Jun 2018 - Present · 4 yrs 11 mos,kirollos-n
Software Engineer,Laravel EG,Jan 2020 - Present · 3 yrs 4 mos,komtcho
Vice President of Academic section,STP | Student Activity,Jul 2016 - May 2017 · 11 mos,linah-omara
Junior Moderator,STP | Student Activity,Aug 2015 - May 2016 · 10 mos,linah-omara
Android Moderator,STP | Student Activity,Aug 2014 - May 2015 · 10 mos,linah-omara
Member of Autonomous Sub-Team,Mansoura Motorsport,Dec 2019 - May 2022 · 2 yrs 6 mos,maged-rifaat
Vice Technical Director,Momentum,Feb 2020 - Sep 2020 · 8 mos,maged-rifaat
Technical Director,Momentum,Sep 2020 - Jan 2022 · 1 yr 5 mos,maged-rifaat
Founder,ALPHA - ASU,Nov 2019 - Present · 3 yrs 6 mos,mahmoud-abdelmalek
President,ALPHA - ASU,Nov 2019 - Jul 2020 · 9 mos,mahmoud-abdelmalek
Academic Head,AIBE,Sep 2018 - Sep 2019 · 1 yr 1 mo,mahmoud-abdelmalek
CEO at fayoum branch,Life Makers Foundation,Jan 2010 - Jan 2011 · 1 yr,mahmoud-biltagy
Member,Life Makers Foundation,Jan 2008 - Jan 2011 · 3 yrs,mahmoud-biltagy
Event committee head at fayoum student branch,IEEE Egypt Section,Science and Technology,mahmoud-biltagy
Operations,EED - Egyptian Engineering Day,Dec 2016 - Sep 2020 · 3 yrs 10 mos,mahmoud-diab-ios
Executive Chairman,IEEE FCIH SB,Oct 2016 - Jul 2017 · 10 mos,mahmoud-diab-ios
Innovation ambassador,TIEC,Nov 2016 - Present · 6 yrs 6 mos,mahmoud-diab-ios
Volunteer work,Resala Charity Organization | جمعية رسالة للأعمال الخيرية,Mar 2013 - Present · 10 yrs 2 mos,mahmoud-emam-65737a31
Chairman Of The Board,Ma3an Family,Jan 2019 - Jan 2020 · 1 yr,mahmoud-youssef97
Head Cultural &amp; MeCommittee,The Student Union at The Faculty of Engineering - Tanta Univeristy,Jan 2019 - Jan 2020 · 1 yr,mahmoud-youssef97
Best Leader Award,Ma3an Family,Jan 2018 - Jan 2019 · 1 yr,mahmoud-youssef97
Technical Writer and Reviewer,IONerds,Feb 2017 - Jan 2018 · 1 yr,mahmoudihefny
Member of Cyber Security Committee,MSP Tech Club - ASU,Nov 2021 - Oct 2022 · 1 yr,mahmoudkkandil
Member of Software Testing Committee,MSP Tech Club - ASU,Nov 2021 - Oct 2022 · 1 yr,mahmoudkkandil
Teacher,Enaia organization,Jan 2012 - Jan 2013 · 1 yr,mai-mohamed-sadek-0783b436
Public Relations,Support-ASU,Nov 2015 - Apr 2017 · 1 yr 6 mos,manar-ramadan
Research And Development,AYB- ASU,Jan 2015 - Nov 2017 · 2 yrs 11 mos,manar-ramadan
Marketing Staff,IEEE,Feb 2020 - Jan 2021 · 1 yr,manssorr
Cultural Representative,student union of ACU - Ahram Canadian University,Jan 2018 - Feb 2020 · 2 yrs 2 mos,manssorr
Founder,KHATWAH,Sep 2018 - Present · 4 yrs 8 mos,manssorr
Head Of Fundraising,Rotaract,Jul 2020 - Present · 2 yrs 10 mos,maram-hesham-49a4a5183
Junior Teaching Assistant,The German University in Cairo,Feb 2015 - May 2015 · 4 mos,mariam-el-seddiek
Junior Teaching Assistant,The German University in Cairo,Feb 2016 - May 2016 · 4 mos,mariam-el-seddiek
Human Resources Team Member,Energia Powered,Jan 2020 - Jun 2020 · 6 mos,mariammuhammed
Event Coordinator,Cairo Festival City Mall,Nov 2017 - Nov 2019 · 2 yrs 1 mo,mariamyehya
Event Coordinator,Cairo Runners,Jan 2016 - Jan 2018 · 2 yrs,mariamyehya
Human Resources Specialist,Google Development Group,Jan 2017 - Jan 2018 · 1 yr,mariamyehya
Juniors' moderator,STP,Sep 2020 - Jun 2021 · 10 mos,mariem-muhammed-1009801b1
Board Member,ACM MU,Mar 2015 - May 2019 · 4 yrs 3 mos,marwa-a-alnashar
HR,GDG Minia,Mar 2017 - May 2019 · 2 yrs 3 mos,marwa-a-alnashar
Volunteer,IBM,Feb 2019 - Jun 2019 · 5 mos,marwa-a-alnashar
Illiteracy Elimination Member,Alashanek Ya Balady - GUC,Jan 2015 - Sep 2017 · 2 yrs 9 mos,marwan-m-sallam
ACTIE Comittee Member,MSV Incognito,Sep 2018 - Sep 2020 · 2 yrs 1 mo,marwankamelmansour
Volunteer,United Nations,Jul 2016 · 1 mo,marwankamelmansour
HR,OSC - Open Source Community,Feb 2020 - Present · 3 yrs 3 mos,maryam-mohamed-707742219
IT Member,Eng Break - Cairo University,Aug 2016 - May 2017 · 10 mos,maryammehab
Quality Managment Coordinator,Eng Break - Cairo University,Aug 2017 - May 2018 · 10 mos,maryammehab
Juniors Moderator,Fekra - Cairo University,Nov 2016 - Sep 2017 · 11 mos,maryammehab
Fundraiser,صفرواحد,Jan 2017 - Jan 2018 · 1 yr,mayar-nour-3230b0153
Human Resources,Astronomy Club - Ain Shams,Jan 2016 - Jan 2017 · 1 yr,mayar-nour-3230b0153
Logistics,Alashanek Ya Balady - Ain Shams University,Jan 2016 - Jan 2017 · 1 yr,mayar-nour-3230b0153
Member,AIESEC Egypt,Feb 2016 - Aug 2016 · 7 mos,meltabbakh
Member,Alpha Leo Club of Alexandria,May 2015 - Jan 2016 · 9 mos,meltabbakh
Recruitment Specialist,ASU Racing Team,Dec 2016 - Aug 2017 · 9 mos,menna-el-gedawy
Logistics and Operations Specialist,ASU Racing Team,Aug 2017 - May 2018 · 10 mos,menna-el-gedawy
Fundraising Volunteer,Volunteers in Action - AUC,Sep 2021 - Present · 1 yr 8 mos,menna-muhammad
Literacy Coach,Volunteers in Action - AUC,Sep 2021 - Present · 1 yr 8 mos,menna-muhammad
Event Organizer Head,Robotech,,menna-muhammad
Member,acmASCIS Student Chapter,Sep 2017 - Jun 2018 · 10 mos,mgelgazar
IT member,IEEE Cairo University Student Branch,Oct 2019 - Sep 2020 · 1 yr,mheshamc137
متطوع,Resala Charity Organization | جمعية رسالة للأعمال الخيرية,Mar 2013 - Oct 2013 · 8 mos,micheal-abid-fekry-52a500184
Co-Founder,Swift Cairo,May 2018 - Present · 5 yrs,moelnaggar14
Volunteer,UNIX Team,Aug 2013 - Aug 2015 · 2 yrs 1 mo,moelnaggar14
Volunteer,Midan Students,Jan 2012 - Dec 2013 · 2 yrs,moelnaggar14
Founder,mentomz,Apr 2022 - Present · 1 yr 1 mo,moelzanaty3
Frontend Engineer,The Knowledge Hub Universities,Nov 2021 · 1 mo,moelzanaty3
Public Speaker,FabLab,Mar 2017 · 1 mo,moelzanaty3
Head of Organizing Committee,VLSI Egypt,Aug 2018 - Apr 2019 · 9 mos,mohab-hossam-398487127
OC Member,VLSI Egypt,Apr 2017 - Aug 2018 · 1 yr 5 mos,mohab-hossam-398487127
Teaching little kids.,College Saint-Marc,Sep 2012 - Jun 2014 · 1 yr 10 mos,mohab-hossam-398487127
Volunteer,Resala Charity Organization | جمعية رسالة للأعمال الخيرية,Jan 2014 - Jan 2015 · 1 yr,mohabelhawawshy
IT Member,TROSC تروس,Sep 2016 - Jul 2017 · 11 mos,mohabelhawawshy
Technical team member,Microsoft Tech-club Alexandria University,Science and Technology,mohamed-abdelmaksoud-sw-engineer
Computer instructor,IEEE,Jan 2018 - Jan 2019 · 1 yr,mohamed-adel-973621135
C++ OOP Instructor,Embedded Systems Laboratory | ESL,Jul 2017 - Jun 2018 · 1 yr,mohamed-ahmed-salman-147816124
Head pojects committee,OSC - Open Source Community,Aug 2017 - Aug 2018 · 1 yr 1 mo,mohamed-ashraf-07340212a
Official Reviewer of 1000 MCQs on C++ Programming Language,Sanfoundry,Jul 2015 - Aug 2015 · 2 mos,mohamed-atef-a89a8b33
Moderator,H3SOnline,Oct 2010 - Present · 12 yrs 7 mos,mohamed-atef-a89a8b33
PR member at IEEE,IEEE Cairo University Student Branch,Oct 2015 - Present · 7 yrs 7 mos,mohamed-ayman-843920116
Technical Team Member,IEEE AlexSB,Feb 2019 - Present · 4 yrs 3 mos,mohamed-gaballah-843a97197
Logistics Member,SCCI-CU,Jul 2012 - May 2013 · 11 mos,mohamed-gamal-el-din-90b83958
IGX GCDP,AIESEC,Apr 2013 - Sep 2014 · 1 yr 6 mos,mohamed-gamal-el-din-90b83958
Partnership Development,AIESEC in Egypt,Mar 2021 - Jun 2021 · 4 mos,mohamed-islam-760b4a183
Research Department Specialist,GUC Innovators,Jun 2019 - Jun 2020 · 1 yr 1 mo,mohamed-islam-760b4a183
Machine Learning Specialist,GUC Brain,Feb 2020 - Apr 2020 · 3 mos,mohamed-islam-760b4a183
Volunteer,Lebaladna Charity and Development Foundation,Jun 2016 - Jan 2018 · 1 yr 8 mos,mohamed-osama-eliwa-2139b7163
Conference Volunteer,NeurIPS,Oct 2020 - Dec 2020 · 3 mos,mohamed-shawky
Vice-Head of Autonomous Team,Cairo University Eco Racing Team,Sep 2018 - Feb 2019 · 6 mos,mohamed-shawky
Machine Learning Instructor,IEEE Cairo University Student Branch,Sep 2017 - Jul 2018 · 11 mos,mohamed-shawky
Academic member,Model of United Kingdom parlement (MUP) - Alexandria,Jan 2014 - Jan 2015 · 1 yr,mohamedashraf170
Team leader at Young Sport leaders 2012,British Council,Jan 2012 - Jan 2014 · 2 yrs,mohamedashraf170
Course Instructor,Resala Charity Organization | جمعية رسالة للأعمال الخيرية,Apr 2015 - Present · 8 yrs 1 mo,mohamedawwad-sd
Head of IT Committe,Trosc Team,May 2015 - May 2017 · 2 yrs 1 mo,mohamedelbastawesy
Volunteer,Resala Charity Organization | جمعية رسالة للأعمال الخيرية,Sep 2018 - Present · 4 yrs 8 mos,mohamedhashem
Development Team Member,Compiler Community,Nov 2019 - Present · 3 yrs 6 mos,mohamedhashem
Social Media Manager,ComputalityIt,Oct 2020 - Feb 2022 · 1 yr 5 mos,mohamedhashem
Co-Founder,internet revolution egypt,Dec 2013 - Present · 9 yrs 5 mos,mohamedmagdymostafa
Instructor,X Volunteer,Sep 2017 - Sep 2020 · 3 yrs 1 mo,mohamedmagdymostafa
Volunteer,Resala Charity Organization | جمعية رسالة للأعمال الخيرية,Education,mohamedmagdymostafa
Architect Club board member,Oracle,Jan 2011 - Present · 12 yrs 4 mos,mohamedtaman
Board member,EGJUG,Jan 2014 - Present · 9 yrs 4 mos,mohamedtaman
Board member,MoroccoJUG,Sep 2013 - Oct 2018 · 5 yrs 2 mos,mohamedtaman
Member at Scientific Committee,Student Union,Mar 2011 - Jan 2012 · 11 mos,mohammad-shaker-84117668
C++ Assistant,Cairo University - Student Union,Jan 2012 - Present · 11 yrs 4 mos,mohammad-shaker-84117668
Android Instructor,MOIC,Jan 2014 - Present · 9 yrs 4 mos,mohammad-shaker-84117668
Vice Head of Technical Electrical Committee,Science Club,Nov 2019 - Oct 2021 · 2 yrs,mohammad1722
Human Resources Coordinator,Science Club,Feb 2019 - Nov 2019 · 10 mos,mohammad1722
Math Teacher Volunteer,Resala Charity Organization | جمعية رسالة للأعمال الخيرية,Mar 2013 - Present · 10 yrs 2 mos,mohammed-raafat
HR Member,Online Student Activity,Mar 2016 - Jan 2017 · 11 mos,mohammed-raafat
IT Head,Hayah Student Activity,Nov 2013 - Dec 2015 · 2 yrs 2 mos,mohammed-raafat
Member Technical and VP,Net Club,Nov 2016 - Nov 2017 · 1 yr 1 mo,mona-mamdouh
Project Coordinator,Enactus Zagazig University,Nov 2018 - Jun 2019 · 8 mos,mona-mamdouh
Fundraiser,TEDx Zagazig,Dec 2018 - Present · 4 yrs 5 mos,mona-mamdouh
Co-Founder &amp; Vice-President,CS Camp,Science and Technology,mostafa-hassan-backend-dev
Technical Writer,Medium,Sep 2021 - Present · 1 yr 8 mos,mostafa-wael
Academic Lead,Google DSC Cairo University - Faculty of Engineering,Sep 2021 - Feb 2022 · 6 mos,mostafa-wael
Moderator,Google DSC Cairo University - Faculty of Engineering,Aug 2020 - Aug 2021 · 1 yr 1 mo,mostafa-wael
implementer,charity organization,Feb 2014 - Mar 2014 · 2 mos,mostafaarefaat
Robotics Instructor,K-vector Foundation,Sep 2020 - Present · 2 yrs 8 mos,mostafakassem1
PR member,The Hope,Aug 2018 - Jun 2019 · 11 mos,mostafakassem1
IT Technician,Nobel Egypt,Sep 2011 - Apr 2013 · 1 yr 8 mos,mostafamohammed05
Chairman,ACM MU,Aug 2018 - May 2019 · 10 mos,motazmohamed
Ambassador,TIEC,Jul 2018 - Apr 2019 · 10 mos,motazmohamed
President of the Student Union of the Faculty of Computers and Information,Minia University,Oct 2018 - May 2019 · 8 mos,motazmohamed
Capacity Building Committee Member,Model of European Union 2013,Jun 2013 - Aug 2013 · 3 mos,mtaherelkholy
Logistics Executive,Ard El-Golf Youth,Jan 2011 - Present · 12 yrs 4 mos,muhammed-aly
Media and publication,Pirates Egypt,Sep 2014 - Jun 2015 · 10 mos,nada-dia
Fundraising Associate,TEDxGUC,Jan 2015 - Aug 2016 · 1 yr 8 mos,nada-hamdi-345676b3
Information Technology Specialist,ACES,Sep 2018 - May 2019 · 9 mos,nadienrashad
Cross Functional Team Member,ACES,Mar 2018 - May 2018 · 3 mos,nadienrashad
Operations Member,ACES,Sep 2017 - May 2018 · 9 mos,nadienrashad
Member,Run for yellow,Sep 2019 - Present · 3 yrs 8 mos,nadin-el-hanafy-b20533187(1)
Debater,The Intelligent Question (TIQ),Sep 2017 - Sep 2018 · 1 yr 1 mo,nadin-el-hanafy-b20533187(1)
Member,Nebny Foundation,Sep 2017 - Sep 2018 · 1 yr 1 mo,nadin-el-hanafy-b20533187(1)
Member,Run for yellow,Sep 2019 - Present · 3 yrs 8 mos,nadin-el-hanafy-b20533187
Debater,The Intelligent Question (TIQ),Sep 2017 - Sep 2018 · 1 yr 1 mo,nadin-el-hanafy-b20533187
Member,Nebny Foundation,Sep 2017 - Sep 2018 · 1 yr 1 mo,nadin-el-hanafy-b20533187
Head Of Fundraising,MOIC,Oct 2017 - Jul 2018 · 10 mos,nagham-alaa-54878a125
Human Development,MOIC,Oct 2016 - Jul 2017 · 10 mos,nagham-alaa-54878a125
Fundraiser,Fekra,Sep 2015 - Aug 2016 · 1 yr,nagham-alaa-54878a125
Youth Development Member,IEEE,Sep 2016 - Apr 2017 · 8 mos,nahed-sayed-528749b6
Embedded system Member,CECE,Aug 2014 - Jul 2015 · 1 yr,nahed-sayed-528749b6
Delegate,GATE,Feb 2013 - May 2013 · 4 mos,nahed-sayed-528749b6
Responsable et formateur,MEJ : Mouvement Eucharistique des Jeunes,Sep 2006 - Sep 2020 · 14 yrs 1 mo,nermine-georges-a833a9140
Volunteer,Bedaya,Jul 2014 - Present · 8 yrs 10 mos,noha-mohamed-ali(1)
Volunteer,Bedaya,Jul 2014 - Present · 8 yrs 10 mos,noha-mohamed-ali
Director Of Student Activities,"Faculty of computr and information science, Ain Shams University",Human Rights,noha-samir-b07468138
Member,Microsoft,Oct 2014 - Jan 2015 · 4 mos,norhan-elsayed-8055b9123
Public Relations Intern,AIESEC,Jan 2016 - Apr 2016 · 4 mos,norhan-elsayed-8055b9123
Member International office,Egyouth- شباب تحيا مصر,Aug 2019 - Mar 2020 · 8 mos,norhan-elsayed-8055b9123
Game Development Mentor,Egypt Career Summit,Mar 2019 - Present · 4 yrs 2 mos,nourhan-elsherief-5270b185
Run Double Jump Organizer,2024 Studios,Aug 2015 - Apr 2017 · 1 yr 9 mos,nourhan-elsherief-5270b185
Game Developer Lecturer,Arab Academy for Science and Technology and Maritime Transport,Mar 2015 - May 2015 · 3 mos,nourhan-elsherief-5270b185
HR delegate,Ryada AUC,Jan 2013 - Present · 10 yrs 4 mos,nourhan-hosny(1)
HR Manager,Update CU,Feb 2015 - Present · 8 yrs 3 mos,nourhan-hosny(1)
Volunteer,اعمار,Jan 2013 - Jan 2014 · 1 yr 1 mo,nourhan-hosny(1)
HR delegate,Ryada AUC,Jan 2013 - Present · 10 yrs 4 mos,nourhan-hosny
HR Manager,Update CU,Feb 2015 - Present · 8 yrs 3 mos,nourhan-hosny
Volunteer,اعمار,Jan 2013 - Jan 2014 · 1 yr 1 mo,nourhan-hosny
president of student union,AIET,Nov 2011 - Nov 2016 · 5 yrs 1 mo,nourhansaeed
Head sport committee,AIET student union,Nov 2015 - Present · 7 yrs 6 mos,nourhansaeed
Judge and tester,ICPC - International Collegiate Programming Contest,Aug 2021 - Sep 2022 · 1 yr 2 mos,oaik
Problem setter(Author),HackerEarth,Jan 2022 · 1 mo,oaik
Round Tester,CodeForces,,oaik
Vice President,ERTAQE FCIH,Sep 2018 - Jun 2019 · 10 mos,ola-ibrahim-32886a163(1)
Vice President,ERTAQE FCIH,Sep 2018 - Jun 2019 · 10 mos,ola-ibrahim-32886a163
Student Mentor,IEEE HTI Student Branch,Feb 2016 - Apr 2020 · 4 yrs 3 mos,omar-adel-808414145
Volunteer,Life Makers Foundation,Sep 2015 - Dec 2016 · 1 yr 4 mos,omar-adel-808414145
Graphic Designer,Google Student Club at HTI,Sep 2015 - Mar 2016 · 7 mos,omar-adel-808414145
Head of PR (Personal Relationship Department),IEEE,Oct 2020 - May 2021 · 8 mos,omar-ahmed-0999b518b
Member,Alashanek Ya Balady Association for Sustainable Development,,omar-nagah-ba21111aa
Technical Moderator,IEEE,Aug 2016 - Jul 2017 · 1 yr,omarosamasobeih
Coach at CU-FE branch,ICPC - ACM International Collegiate Programming Contest,Jan 2017 - Jul 2019 · 2 yrs 7 mos,omarosamasobeih
Problem Setter,ICPC - International Collegiate Programming Contest,Jul 2018 - Oct 2018 · 4 mos,omarosamasobeih
Software committee Member,Developer Student Clubs - Alexandria,Dec 2019 - Present · 3 yrs 5 mos,omarsamy09
Digital Nation Africa Ambassador IBM Egypt,IBM,Nov 2018 - Sep 2019 · 11 mos,omarsamy09
Human Resources Team Member,EYouth,Jan 2015 - Jan 2017 · 2 yrs,omniaeladawy
Human Resources Team Member,حياة شباب,Jan 2015 - Jan 2016 · 1 yr,omniaeladawy
Engine Control Technical Team Member,HFS Racing Team,Aug 2017 - Apr 2018 · 9 mos,osama-hamdy-47380313b
RAS Technical Team Member,IEEE Cairo University Student Branch,Sep 2017 - Feb 2018 · 6 mos,osama-hamdy-47380313b
Embedded Systems Instructor,Eng Break,Sep 2016 - May 2017 · 9 mos,osama-hamdy-47380313b
Volunteer,Resala Charity Organization | جمعية رسالة للأعمال الخيرية,May 2017 - Jul 2019 · 2 yrs 3 mos,osamamagdy174
Developing Java Applications for Elections in 2015,Freelancer,,peter-wagih
CUSB Vice-chariman,IEEE,Oct 2018 - Jun 2019 · 9 mos,radwask
Organizer,EgyCon,Jan 2018 - Jan 2020 · 2 yrs,radwask
Publicity committee member,acmASCIS Student Chapter,Jan 2015 - Present · 8 yrs 4 mos,raghda-elhout-179296163
Student Representative,"Faculty of Engineering, Helwan University",Sep 2018 - Aug 2019 · 1 yr,rami-adel-64080b1a4
Logistics Assistant,IEEE Helwan SB,Sep 2017 - Feb 2018 · 6 mos,rami-adel-64080b1a4
Google Student Ambassador - Advisor,Google,Jul 2014 - Jul 2015 · 1 yr 1 mo,ramiabdelmoneam
Google Student Ambassador,Google,Jul 2013 - Jul 2014 · 1 yr 1 mo,ramiabdelmoneam
HR - Member,Enactus,Feb 2014 - Jul 2014 · 6 mos,ramiabdelmoneam
Volunteer,Computer Science Student Union ain shams,Children,rana-wael-910445117
Volunteer,shabab ard golf,Children,rana-wael-910445117
Founder (Vice-President),ATOM Initiative,Jul 2015 - Jun 2016 · 1 yr,randa-islam-diab-5b79a4221
Volunteer Staff,E-Web Organization,Science and Technology,randa-islam-diab-5b79a4221
Volunteer,AIChE Alex SC,Education,randa-islam-diab-5b79a4221
Research Member and Scriptwriter,Nawwar - نوَّر,Jul 2014 - May 2017 · 2 yrs 11 mos,rania-wael-1638a7149
C++ Instructor,CECE,Jan 2012 - Sep 2012 · 9 mos,redamaher
head of scientific community student Union,Faculty of Engineering Cairo University,Sep 2018 - Nov 2019 · 1 yr 3 mos,reham-gamal-931244149
Head Soft skills,Black horse,Jul 2017 - Jul 2018 · 1 yr 1 mo,reham-gamal-931244149
Public relation,(TCCD) technical center for career development,Jul 2017 - Jul 2019 · 2 yrs 1 mo,reham-gamal-931244149
volunteer,A plus (seeking top),Oct 2013 - Present · 9 yrs 7 mos,rewaidamohamed95
Human Resources Manager,MUFIX Community,Sep 2017 - Jul 2018 · 11 mos,roaagamal10
Chairman,acmASCIS Student Chapter,Jun 2020 - Present · 2 yrs 11 mos,salah-mostafa-136310169
Training Member,acmASCIS Student Chapter,Sep 2018 - Jun 2020 · 1 yr 10 mos,salah-mostafa-136310169
Member in projects committee,Pixels Egypt Org.,Jan 2021 - Oct 2021 · 10 mos,sally-youssef-679743182
Volunteer,Life Makers Foundation,Nov 2014 - Dec 2016 · 2 yrs 2 mos,salma-soliman-b72201173
Volunteer,Bedaya Team,Mar 2013 - Sep 2014 · 1 yr 7 mos,salma-soliman-b72201173
Vice President,Juniors - IEEE Zewail City,Sep 2017 - Sep 2018 · 1 yr 1 mo,salmaelbess
Volunteer,Resala Charity Organization | جمعية رسالة للأعمال الخيرية,Feb 2012 - Dec 2015 · 3 yrs 11 mos,salmaelbess
Decorations and Logistics Member,IEEE Zewail City,Mar 2017 - Sep 2017 · 7 mos,salmaelbess
Teaching Assistant,Manara,Nov 2021 - Present · 1 yr 6 mos,samah-abu-shamma-47b962158
HR Team member,"Steps Towards Progress""STP""",Aug 2014 - Apr 2015 · 9 mos,sameh-mostafa-1539b9a3
HR head,Feكra,Dec 2014 - Nov 2015 · 1 yr,sameh-mostafa-1539b9a3
HR Member,Feكra,Oct 2013 - Dec 2014 · 1 yr 3 mos,sameh-mostafa-1539b9a3
Social Media Coordinator,Support Asu,May 2014 - May 2016 · 2 yrs 1 mo,samiiir96
PHP Web Developer,Non-Profit Organization,Jul 2014 - Sep 2014 · 3 mos,samy-escarous
Python instructor for preparatory school students,"""Programming for all” student activity",Jun 2019 - Present · 3 yrs 11 mos,sara-ahmed-cufe
Volunteer,Resala Charity Organization | جمعية رسالة للأعمال الخيرية,May 2015 - Jun 2018 · 3 yrs 2 mos,shehab-alaa-4b29ba182
Trainee,acmASCIS Student Chapter,Jun 2017 - Jan 2018 · 8 mos,shehab-alaa-4b29ba182
Android Developer Member,Suppoяt ASU,May 2018 - Jul 2021 · 3 yrs 3 mos,shehab-alaa-4b29ba182
Board member / Software Engineer,UniMasr.com,Jul 2008 - Jul 2012 · 4 yrs 1 mo,sherifmedhat
Vice Head of Logistics,FCAI Banha ACPC CLUB,Jan 2020 - Dec 2020 · 1 yr,shimaa-el-maghraby
Presentation Member,Enactus Banha University,Dec 2019 - Sep 2020 · 10 mos,shimaa-el-maghraby
Head Of Logistics,IEEE Computational Intelligence Society Student Chapter UnB,Apr 2018 - Jun 2018 · 3 mos,shimaa-el-maghraby
UI Designer,Vision Student Organization,Nov 2018 - Oct 2019 · 1 yr,shrok-ayman-zain-472590188
Speaker,EED - Egyptian Engineering Day,Oct 2021 · 1 mo,tarek-ragab
Organization President,Robotics Student Organization,Oct 2021 - Sep 2022 · 1 yr,tarek-ragab
"ROV, Control team",Robotics Student Organization,Oct 2020 - Sep 2021 · 1 yr,tarek-ragab
Vice President,acmASCIS Student Chapter,Aug 2020 - Present · 2 yrs 9 mos,tokaehab
Mentor,acmASCIS Student Chapter,Sep 2019 - Aug 2020 · 1 yr,tokaehab
Member Information Technology,TROSC تروس,Dec 2020 - Jun 2022 · 1 yr 7 mos,waelelsafty07
Member,ICPC Suez Canal University Community,Aug 2020 - Apr 2022 · 1 yr 9 mos,waelelsafty07
Head Of Training And Development web Development,CS Scientific team,Jun 2019 - Oct 2020 · 1 yr 5 mos,waelelsafty07
Volunteer,Karakeeb maker space,Jan 2015 - Jan 2016 · 1 yr 1 mo,yasser-mohamed-15317b147
Peer Mentor,Lassonde School of Engineering - York University,Sep 2020 - Dec 2020 · 4 mos,yasserelsaid
Web Developer,Developer Student Clubs,Jan 2021 - Jun 2021 · 6 mos,yomna-raouf-392440168
Students Representative,Cairo Uni. - Faculty of Engineering - EECE Department (2022),Sep 2018 - Sep 2022 · 4 yrs 1 mo,youssef-abdelhameed
HR Team Head,IEEE Cairo University Student Branch,Aug 2019 - Aug 2020 · 1 yr 1 mo,youssef-abdelhameed
HR Team Member,IEEE Cairo University Student Branch,Aug 2018 - Aug 2019 · 1 yr 1 mo,youssef-abdelhameed
Media Marketing,Association for Computing Machinery,Mar 2017 - Sep 2019 · 2 yrs 7 mos,youssef-ali97
Senior Team Lead,Scouts,Feb 2016 - Present · 7 yrs 3 mos,youssefsfahmy
Academic Coordinator,ASU Racing Team,Jul 2018 - Sep 2018 · 3 mos,youssephahmed
CSE 2019 students coordinator,"Faculty of Engineering, Ain Shams University",Sep 2018 - Jul 2019 · 11 mos,youssephahmed
Media,Life Makers Foundation,Jan 2012 - Jan 2014 · 2 yrs,zeyadetman
member,Resala Charity Organization | جمعية رسالة للأعمال الخيرية,Jan 2013 - Jan 2014 · 1 yr,zeyadetman
Software Developer,IEEE AlexSB,Oct 2018 - Jan 2021 · 2 yrs 4 mos,zeyadosama
Mentor,NASA Space Apps Cairo,Oct 2019 · 1 mo,zeyadosama
Programming Mentor,CoderDojo,May 2018 - Oct 2018 · 6 mos,zeyadosama
Membership Experience Coordinator,AIESEC,Sep 2020 - Aug 2021 · 1 yr,ziad-amerr
Head Of Business Development,Skate in Egypt,Jan 2021 - Present · 2 yrs 4 mos,ziad-amerr
Founder,Damietta Skaters,Jul 2020 - Present · 2 yrs 10 mos,ziad-amerr
Academic Committee Head,IEEE Cairo University Student Branch,Sep 2013 - Sep 2014 · 1 yr 1 mo,ziad-madkour
Academic Committee Member,IEEE Cairo University Student Branch,Sep 2012 - Sep 2013 · 1 yr 1 mo,ziad-madkour
Front End Supervisor,CAT Reloaded,Science and Technology,zienabmuhammad
